Date,Carteira (líquido)
2015-01-05,-0.03300593189791252
2015-01-06,0.009379098264451127
2015-01-07,0.017387361380625358
2015-01-08,-0.007196399111186039
2015-01-09,-0.012451009567183648
2015-01-12,-0.01948271539934826
2015-01-13,0.012724185418278088
2015-01-14,-0.00478157427804743
2015-01-15,0.007286520938962246
2015-01-16,0.007118309921454388
2015-01-19,-0.021247839676025004
2015-01-20,0.0008192580613109202
2015-01-21,0.013384504635569226
2015-01-22,0.01082794637869679
2015-01-23,-0.0061662123061345985
2015-01-26,-0.00567044390849216
2015-01-27,-0.007134427828031982
2015-01-28,-0.01789066584335072
2015-01-29,0.007135096777739138
2015-01-30,-0.00942761299094384
2015-02-02,0.01484916090120539
2015-02-03,0.008371007112906398
2015-02-04,-0.0031521030380952547
2015-02-05,0.002151604119668939
2015-02-06,-0.025156392386265394
2015-02-09,0.011754451374868923
2015-02-10,-0.009524674147325269
2015-02-11,-0.004483175213335665
2015-02-12,-0.002185036264789134
2015-02-13,0.01912508024885977
2015-02-18,0.013833486694061795
2015-02-19,-0.0013546714875865326
2015-02-20,0.008963450824754969
2015-02-23,-0.00410197890914629
2015-02-24,-0.003512145126193412
2015-02-25,0.006414867271419691
2015-02-26,0.023507241971820025
2015-02-27,0.0019856829568638107
2015-03-02,-0.0008808333702369413
2015-03-03,0.0060820156890979095
2015-03-04,0.009252956164022767
2015-03-05,-0.0014512049957235932
2015-03-06,-0.013070687208154045
2015-03-09,-0.016364933707569636
2015-03-10,-0.012062076114291746
2015-03-11,0.009294929166691345
2015-03-12,0.012049996182274368
2015-03-13,-0.01036598864630506
2015-03-16,-0.012661822011691571
2015-03-17,0.018970308990272303
2015-03-18,0.007015008670814497
2015-03-19,0.00076978786175026
2015-03-20,0.01775934020723522
2015-03-23,-0.0019173797542575493
2015-03-24,-0.0035553671911522805
2015-03-25,0.016146646995331457
2015-03-26,-0.02473055688149593
2015-03-27,-0.026483228796823948
2015-03-30,0.018861123293625836
2015-03-31,0.014233303644112637
2015-04-01,0.017701586015510286
2015-04-02,0.003103685287376151
2015-04-06,0.010270403214892419
2015-04-07,-0.009426725599171121
2015-04-08,0.0032592966661661935
2015-04-09,0.0016842156150785686
2015-04-10,0.006771242154978145
2015-04-13,0.012654533993735412
2015-04-14,0.0026980193131358765
2015-04-15,0.026183421482251803
2015-04-16,-0.015654246026004497
2015-04-17,-0.006735434563755577
2015-04-20,-0.0014326517957820963
2015-04-22,0.013477547028003996
2015-04-23,-0.000827085828085125
2015-04-24,0.0036279213627454718
2015-04-27,-0.010993465462749036
2015-04-28,0.009577395932874166
2015-04-29,-0.005360656473673731
2015-04-30,0.01355363070806705
2015-05-04,-0.002542939650941379
2015-05-05,0.008011423092253018
2015-05-06,-0.022979067632144815
2015-05-07,-0.018396820420841585
2015-05-08,0.02145834810029318
2015-05-11,0.001433518349797256
2015-05-12,0.003752524329041106
2015-05-13,0.003779068937012044
2015-05-14,0.01080863891735159
2015-05-15,0.0028914789035529077
2015-05-18,-0.013277646269126243
2015-05-19,-0.012056639559744028
2015-05-20,0.010275371630477554
2015-05-21,0.008739568401091819
2015-05-22,-0.01585766639519767
2015-05-25,-0.0055634896237456875
2015-05-26,-0.023385981920723036
2015-05-27,0.008496977354777124
2015-05-28,-0.004208563613979731
2015-05-29,-0.019138084066318988
2015-06-01,0.009889701630177036
2015-06-02,0.011622310396359753
2015-06-03,-0.009652071646531894
2015-06-05,-0.004391493081516338
2015-06-08,-0.007368439100363982
2015-06-09,-9.737703860665303e-05
2015-06-10,-0.0006851681903195525
2015-06-11,-0.0025873195781348076
2015-06-12,-0.007428952824753921
2015-06-15,-0.00035646781566332395
2015-06-16,-0.003630291100134224
2015-06-17,-0.011015475443049861
2015-06-18,-0.000677913164045413
2015-06-19,-0.003942739015929226
2015-06-22,0.0005650452612507657
2015-06-23,0.0006687901079077492
2015-06-24,-0.01180577073386611
2015-06-25,-0.0017176210081224568
2015-06-26,-0.0023570217640103827
2015-06-29,-0.011056159489239986
2015-06-30,0.005606299354248444
2015-07-01,-0.008384403132768973
2015-07-02,-0.007699521002826308
2015-07-03,-0.007649064819917556
2015-07-06,0.00010713831384359884
2015-07-07,-0.0043041792515841875
2015-07-08,0.005363878807118113
2015-07-10,-0.00245818108826387
2015-07-13,-0.002196233580622185
2015-07-14,-0.004655936071294363
2015-07-15,-0.0031934902553007096
2015-07-16,0.01177670315290082
2015-07-17,-0.022813565655627848
2015-07-20,-0.0016166025223206977
2015-07-21,-0.009864834982368856
2015-07-22,-0.007764510328378803
2015-07-23,-0.026341602987463693
2015-07-24,-0.008206048323363403
2015-07-27,-0.011778589287235292
2015-07-28,0.009401116121652082
2015-07-29,0.00614121773281439
2015-07-30,-0.004520481228138216
2015-07-31,0.02493125505432623
2015-08-03,-0.009180600021536775
2015-08-04,0.01137740752463024
2015-08-05,0.0018104882914413629
2015-08-06,-0.024237384335430528
2015-08-07,-0.01647784805009581
2015-08-10,0.014311322168695653
2015-08-11,-0.004395462822133034
2015-08-12,-0.015427965801074967
2015-08-13,-0.005938891059279763
2015-08-14,0.002272811535579868
2015-08-17,0.0003201729947879068
2015-08-18,-0.015967095177146718
2015-08-19,-0.018532286581592457
2015-08-20,-0.0062560987047783605
2015-08-21,-0.00933885637701191
2015-08-24,-0.01831735325658412
2015-08-25,-0.0040799181056277705
2015-08-26,0.02558074217876372
2015-08-27,0.03374901722889333
2015-08-28,0.003906630803821937
2015-08-31,-0.02660267827795158
2015-09-01,-0.014783759163431782
2015-09-02,0.026027424884559155
2015-09-03,0.017270272593644238
2015-09-04,0.008357701788189514
2015-09-08,-0.005595687333825632
2015-09-09,-0.0037798326884940048
2015-09-10,0.0064100003082341
2015-09-11,0.004743906098777425
2015-09-14,0.02059513379164666
2015-09-15,-0.006476460345428723
2015-09-16,0.024686987056083586
2015-09-17,0.006462391107313027
2015-09-18,-0.025103468221405578
2015-09-21,-0.009066397129435473
2015-09-22,-0.021893930718271646
2015-09-23,-0.01478394201369628
2015-09-24,0.0026199467248913403
2015-09-25,-0.000743761394533959
2015-09-28,-0.02024891188545669
2015-09-29,-0.004312817262399918
2015-09-30,0.011470349419997144
2015-10-01,0.013534751167362066
2015-10-02,0.02337932869781342
2015-10-05,0.021563208632117834
2015-10-06,0.023938427406095374
2015-10-07,0.027442386132074694
2015-10-08,-0.007060587462980631
2015-10-09,-0.002904219783045849
2015-10-13,-0.016029397599572604
2015-10-14,-0.019154345818933907
2015-10-15,0.006640202488347679
2015-10-16,0.012064309503764734
2015-10-19,0.002562221393574321
2015-10-20,-0.0015896173421031245
2015-10-21,-0.0018952812728179498
2015-10-22,-0.0031541412471959612
2015-10-23,-0.0034346806564302737
2015-10-26,4.4752989655590945e-05
2015-10-27,-0.003922834031947826
2015-10-28,0.0004984733858440835
2015-10-29,-0.024487207577662325
2015-10-30,0.005111443045872612
2015-11-03,0.02993746782014969
2015-11-04,-0.00042695575748829563
2015-11-05,0.0009255018068110506
2015-11-06,-0.01205938592869114
2015-11-09,-0.014892815341752482
2015-11-10,-0.004509811968945209
2015-11-11,0.01957896643827119
2015-11-12,-0.006682443527819469
2015-11-13,0.006848726160342371
2015-11-16,-0.012176291320153071
2015-11-17,-0.001253795101400206
2015-11-18,-0.006619840095097499
2015-11-19,0.0027236371661565886
2015-11-23,-0.009071447502177003
2015-11-24,0.0013593066198051922
2015-11-25,-0.005489235194972373
2015-11-26,0.0038687249086833153
2015-11-27,-0.013356508247306382
2015-11-30,-0.022437797558492248
2015-12-01,-0.0053795440649776925
2015-12-02,0.01345147244895256
2015-12-03,0.020415510041798465
2015-12-04,-0.02237058479361733
2015-12-07,-0.010293372227787066
2015-12-08,-0.013595755672445217
2015-12-09,0.010338162442235701
2015-12-10,-0.0028711134107409844
2015-12-11,-0.00770010832627649
2015-12-14,-0.009932262419164607
2015-12-15,-0.0028418992229368666
2015-12-16,-0.003635868683739176
2015-12-17,0.005238370653877313
2015-12-18,-0.01577406220562316
2015-12-21,0.004590939076908112
2015-12-22,0.0033674524447745735
2015-12-23,0.018202207939098217
2015-12-28,0.00965665245166624
2015-12-29,0.00010777464510647848
2015-12-30,0.007457879394485863
2016-01-04,-0.03883070288208225
2016-01-05,0.005637076237144852
2016-01-06,-0.01770253490234832
2016-01-07,-0.025856320279632455
2016-01-08,-0.00044956634140769924
2016-01-11,-0.005133955046401062
2016-01-12,-0.01129283580921341
2016-01-13,-0.017142589728305582
2016-01-14,-0.001402487758222105
2016-01-15,-0.008946379049168897
2016-01-18,-0.009966896812319617
2016-01-19,0.00025678391560641817
2016-01-20,-0.014196523015941747
2016-01-21,0.0028651871130546303
2016-01-22,0.008044660077499308
2016-01-26,-0.018894972472549707
2016-01-27,0.007693047797862376
2016-01-28,0.008092312509538882
2016-01-29,0.025738728236369336
2016-02-01,0.013826098141904922
2016-02-02,-0.014860404954698111
2016-02-03,0.013369442688304527
2016-02-04,0.02879111312414887
2016-02-05,0.009604489632671938
2016-02-10,-0.003479490646631143
2016-02-11,-0.03739040761994976
2016-02-12,-0.014160312251409107
2016-02-15,0.010947221427148452
2016-02-16,0.0068174245435840075
2016-02-17,-0.0031812006200080223
2016-02-18,0.010505340885695366
2016-02-19,0.0005000113302654909
2016-02-22,0.014750138773111628
2016-02-23,-0.006324954204110606
2016-02-24,-0.0040358046278537955
2016-02-25,-0.008563902164100457
2016-02-26,-0.002887530770467039
2016-02-29,0.014283332175308866
2016-03-01,0.0124284853710203
2016-03-02,0.007508132006119062
2016-03-03,0.027935931485414293
2016-03-04,0.026337880508538795
2016-03-07,-0.0021074722776175956
2016-03-08,-0.00806674238855653
2016-03-09,0.009920314121844296
2016-03-10,0.018017437065215827
2016-03-11,0.004745269727802221
2016-03-14,-0.009130049678847977
2016-03-15,-0.03853457365325661
2016-03-16,0.045352102397826395
2016-03-17,0.028725200484462098
2016-03-18,0.01089854898738579
2016-03-21,0.00850097657361165
2016-03-22,0.005310491412345463
2016-03-23,-0.011383622977489165
2016-03-24,-0.0033852193814773823
2016-03-28,0.012601931386537096
2016-03-29,0.011490459675263586
2016-03-30,0.01284744225445926
2016-03-31,-0.01285040252604389
2016-04-01,0.007593637478784787
2016-04-04,-0.048285096854556696
2016-04-05,0.017434344348627676
2016-04-06,-0.015982836087063346
2016-04-07,-0.002161745935097727
2016-04-08,0.01595587127507384
2016-04-11,-0.010270129487204597
2016-04-12,0.02019118176293288
2016-04-13,0.030942391619490396
2016-04-14,-0.01488756299298632
2016-04-15,0.009265934532360518
2016-04-18,0.0006417079074039018
2016-04-19,0.02015373237206574
2016-04-20,0.004779582089005152
2016-04-22,-0.014446710047079914
2016-04-25,-0.016165137316700114
2016-04-26,0.009631686411443857
2016-04-27,0.02830248613763646
2016-04-28,-0.003980048453137024
2016-04-29,-0.014294579197019814
2016-05-02,-0.01347269327719898
2016-05-03,-0.015324158735071248
2016-05-04,0.012362514419764084
2016-05-05,-0.011220010180281053
2016-05-06,-0.008734391799569741
2016-05-09,-0.021129147391359092
2016-05-10,0.03035837942045819
2016-05-11,0.003472501739519943
2016-05-12,0.008643384458156026
2016-05-13,-0.01886109112298766
2016-05-16,-0.003389588064928402
2016-05-17,-0.003913146888482415
2016-05-18,-0.003784574105460114
2016-05-19,-0.0006531708764105861
2016-05-20,0.004613085102288089
2016-05-23,-0.008006011033026013
2016-05-24,-0.008769414711515384
2016-05-25,0.0059296431096192165
2016-05-27,-0.007007150860000201
2016-05-30,-0.0036059542099924416
2016-05-31,-0.013152765837225869
2016-06-01,-0.003907435550425492
2016-06-02,0.005233636733096889
2016-06-03,0.008487485161431847
2016-06-06,-0.0010210582662980902
2016-06-07,-0.00011584186267552988
2016-06-08,0.022533975942487607
2016-06-09,-0.0034931327921842734
2016-06-10,-0.02094924944291968
2016-06-13,-0.010463236138859362
2016-06-14,-0.013793006511498366
2016-06-15,0.018017191534842335
2016-06-16,0.007195599268451115
2016-06-17,-0.004964277824805692
2016-06-20,0.010539111030206752
2016-06-21,-0.00337997326235898
2016-06-22,-0.0017571539119970395
2016-06-23,0.026484256839275966
2016-06-24,-0.02595327831386831
2016-06-27,-0.013205347741628744
2016-06-28,0.009387613670657095
2016-06-29,0.007445545125044514
2016-06-30,-0.0013477437676946249
2016-07-01,0.01168629848914971
2016-07-04,0.009184259471574238
2016-07-05,0.01003458639898261
2016-07-06,0.006966801210669546
2016-07-07,-0.003832937982052501
2016-07-08,0.01386997400993118
2016-07-11,0.012393897984332627
2016-07-12,0.009811997356205531
2016-07-13,0.007953142684852692
2016-07-14,0.0118255253487763
2016-07-15,0.005712202203505279
2016-07-18,0.017631577404698444
2016-07-19,0.011143753120106643
2016-07-20,0.0036970218655538664
2016-07-21,0.01580317685316101
2016-07-22,0.008002507673466126
2016-07-25,-0.009447662309891155
2016-07-26,-0.0011226520458779584
2016-07-27,0.023056476088193542
2016-07-28,0.0011955388124417633
2016-07-29,0.0010375259846184866
2016-08-01,0.009721379739145384
2016-08-02,-0.01631307323158179
2016-08-03,0.005153171328038921
2016-08-04,-0.0011986715970790259
2016-08-05,0.002110985334751137
2016-08-08,-0.014007945825805737
2016-08-09,0.02170542986695734
2016-08-10,-0.006918576244722877
2016-08-11,0.005233162429438811
2016-08-12,0.009766011957101169
2016-08-15,0.028032544139517977
2016-08-16,0.0020972300855951406
2016-08-17,0.01635726367171583
2016-08-18,-0.0034623114858988854
2016-08-19,0.00018641818830884596
2016-08-22,-0.011873639569217751
2016-08-23,-0.002866206676741405
2016-08-24,0.0036929664425140135
2016-08-25,-0.005558736522975999
2016-08-26,-0.002950540173547648
2016-08-29,0.01499102424645253
2016-08-30,0.002307312353606402
2016-08-31,-0.004066142285160379
2016-09-01,-0.0014968887893407653
2016-09-02,0.015120171073023022
2016-09-05,0.007098601566898484
2016-09-06,-0.004605245329783046
2016-09-08,0.006074589049825896
2016-09-09,-0.02567383750746754
2016-09-12,0.009270558133295784
2016-09-13,-0.027423727119344002
2016-09-14,0.00029835484294431295
2016-09-15,0.00315764655366274
2016-09-16,-0.00203510178812434
2016-09-19,0.0015933061095360008
2016-09-20,-0.004324961178586293
2016-09-21,0.00819653002866656
2016-09-22,-0.0020993587372801713
2016-09-23,-0.006793684788419803
2016-09-26,-0.010730707399950494
2016-09-27,-0.0019662864235225597
2016-09-28,0.014081911691358546
2016-09-29,-0.012242320248798722
2016-09-30,0.014074426766570908
2016-10-03,0.01606827169343453
2016-10-04,-0.0033778335926296344
2016-10-05,0.019403467879440108
2016-10-06,0.007102027595290987
2016-10-07,0.00267634020803423
2016-10-10,-0.005213652473804115
2016-10-11,-0.0020661638035134886
2016-10-13,-0.0009353179062730732
2016-10-14,0.006930643730804794
2016-10-17,-0.002761958652827302
2016-10-18,0.015977767049932014
2016-10-19,0.0044222511391245264
2016-10-20,0.008806116195881704
2016-10-21,0.006566664779996535
2016-10-24,0.009270358286040064
2016-10-25,-0.008751315805221996
2016-10-26,-0.003523004576528982
2016-10-27,0.006971416195669044
2016-10-28,-0.0026179118512495566
2016-10-31,-0.0022466981272683795
2016-11-01,-0.02769122677524139
2016-11-03,-0.03253101180073854
2016-11-04,-0.0009256553335145876
2016-11-07,0.03797190206804981
2016-11-08,-0.0035624349100515135
2016-11-09,-0.0033648364574593867
2016-11-10,-0.0196290319294968
2016-11-11,-0.03623091777734745
2016-11-14,0.009470480860155912
2016-11-16,-0.00560694939111499
2016-11-17,-0.000619322975109996
2016-11-18,0.005591798801091723
2016-11-21,0.0015554669294256089
2016-11-22,0.011813676227319355
2016-11-23,0.009165444921294605
2016-11-24,0.013866285582516364
2016-11-25,-0.00234197948651853
2016-11-28,0.012960688917531629
2016-11-29,-0.0024298139040713216
2016-11-30,-0.010413846331129845
2016-12-01,-0.021661431595522394
2016-12-02,-0.004747072052535582
2016-12-05,-0.021933555332537488
2016-12-06,0.016808151314590698
2016-12-07,0.021983157882424942
2016-12-08,0.002879799275563236
2016-12-09,-0.0075034263356745
2016-12-12,-0.029666364547774982
2016-12-13,0.0012819209687833409
2016-12-14,-0.008379410610476517
2016-12-15,0.020627194414508263
2016-12-16,0.005478899264790361
2016-12-19,-0.01910487512813981
2016-12-20,-0.00328453596708687
2016-12-21,0.009694797827493266
2016-12-22,-0.00908701469733097
2016-12-23,0.005064524719019937
2016-12-26,0.01219942708615247
2016-12-27,-0.0024663167948948106
2016-12-28,0.008167138657791511
2016-12-29,0.009654496076456574
2017-01-02,-0.012272831907905297
2017-01-03,0.04513280760740936
2017-01-04,0.002028800671987684
2017-01-05,0.007036966902439297
2017-01-06,-0.010986337687698147
2017-01-09,0.004569040947922671
2017-01-10,-0.004494295523392355
2017-01-11,0.009401275329504404
2017-01-12,0.02337371913145391
2017-01-13,-0.0004310651646867363
2017-01-16,0.0024608980255084604
2017-01-17,0.008333305194746897
2017-01-18,-0.008709845810835356
2017-01-19,-0.004540149631775225
2017-01-20,0.0034274038419451814
2017-01-23,0.01467918432130358
2017-01-24,0.0025424875016014825
2017-01-26,0.004841725482397997
2017-01-27,-0.0014561260576388042
2017-01-30,-0.0179401973470303
2017-01-31,0.010881288949818945
2017-02-01,-0.004459820711877247
2017-02-02,0.004688547240384865
2017-02-03,0.012310701025626732
2017-02-06,-0.0036001834245374654
2017-02-07,-0.008790075097651897
2017-02-08,0.012668909092457097
2017-02-09,-0.003927586480083802
2017-02-10,0.011131371507394263
2017-02-13,0.003519802871503817
2017-02-14,-0.005655612703269723
2017-02-15,0.01144884546491078
2017-02-16,-0.006051092319567878
2017-02-17,-0.0023657958056241585
2017-02-20,0.006918926127481725
2017-02-21,0.005356222175205019
2017-02-22,-0.013109143147718303
2017-02-23,-0.014699377853692026
2017-02-24,0.0013230023331875374
2017-03-01,0.009204539841874013
2017-03-02,-0.0010936412424827973
2017-03-03,-0.0031270440620156143
2017-03-06,0.007556565470309786
2017-03-07,0.0008508922383368537
2017-03-08,-0.007287722752575148
2017-03-09,-0.010214036447816002
2017-03-10,-0.010670614333991371
2017-03-13,0.024480948369779473
2017-03-14,-0.012805020745471896
2017-03-15,0.0020263119716769015
2017-03-16,0.00647190238981799
2017-03-17,-0.01703357288906057
2017-03-20,-0.0038386527543792306
2017-03-21,-0.01773263299196935
2017-03-22,0.008376444414419074
2017-03-23,-0.002166529145495157
2017-03-24,-0.0014536325376582717
2017-03-27,0.0033079426405930677
2017-03-28,0.011160056898242158
2017-03-29,0.004870326496604798
2017-03-30,-0.006361578675762118
2017-03-31,0.009743558729042699
2017-04-03,-0.0016202231494735896
2017-04-04,0.0019150425443085382
2017-04-05,-0.01321834473083179
2017-04-06,-0.002495204675485715
2017-04-07,0.005225688485616768
2017-04-10,-0.0045720749653324014
2017-04-11,-0.004435933468656815
2017-04-12,-0.007427683292324233
2017-04-13,-0.0036883248567151894
2017-04-17,0.012771345014611406
2017-04-18,0.004597679539365067
2017-04-19,0.0013420055779009895
2017-04-20,0.0060650569343983236
2017-04-24,0.009278610189597863
2017-04-25,0.013631441677525186
2017-04-26,-0.0027400538763597032
2017-04-27,-0.007866181035329638
2017-04-28,0.016693558364838525
2017-05-02,0.025126206456011768
2017-05-03,0.0032534558823288182
2017-05-04,-0.016340442568917715
2017-05-05,0.00479856723066572
2017-05-08,0.005612726919204378
2017-05-09,0.01621128313170214
2017-05-10,0.011442090101482023
2017-05-11,0.003019891633981154
2017-05-12,-0.003086269332535487
2017-05-15,-0.005212803607598504
2017-05-16,0.016181532706026715
2017-05-17,-0.013887536418882525
2017-05-18,-0.0664831827922319
2017-05-19,0.013601958039458042
2017-05-22,-0.006330973723666417
2017-05-23,0.025978782984308637
2017-05-24,0.0050152709364357775
2017-05-25,0.007165168005737119
2017-05-26,0.004722775107271376
2017-05-29,-3.1746031746031745e-05
2017-05-30,-0.00306026646801835
2017-05-31,-0.01168252804892845
2017-06-01,-0.01103264143867721
2017-06-02,0.0058687864935672625
2017-06-05,0.00148013947528054
2017-06-06,0.010256226236279227
2017-06-07,0.0016726295264447753
2017-06-08,-0.005467528858057317
2017-06-09,-0.00434084834150357
2017-06-12,-0.001092700433198924
2017-06-13,0.005517365134247442
2017-06-14,0.0033609859932371166
2017-06-16,-2.729231323121934e-05
2017-06-19,-0.0024666708252737988
2017-06-20,-0.01635224070282887
2017-06-21,-0.012199289929797458
2017-06-22,0.004505673049378031
2017-06-23,0.006173016432416602
2017-06-26,0.010207500893641733
2017-06-27,-0.0028535096542953234
2017-06-28,0.0034205740224633116
2017-06-29,-0.0017519117514449144
2017-06-30,0.007601451323185107
2017-07-03,0.006608184132012207
2017-07-04,0.005508767324693858
2017-07-05,-0.009710759015110877
2017-07-06,-0.0013340173165499744
2017-07-07,-0.0028263361058074223
2017-07-10,0.01108747961432142
2017-07-11,0.004884742673136549
2017-07-12,0.021911106098146338
2017-07-13,0.003527085500215625
2017-07-14,0.010973603525225799
2017-07-17,-0.00279344879645515
2017-07-18,0.00048164194640937154
2017-07-19,-0.004917206890205183
2017-07-20,0.005605197682781059
2017-07-21,0.00026326086461690164
2017-07-24,0.009513019723008114
2017-07-25,-0.009921634136952259
2017-07-26,0.0017061817799412507
2017-07-27,0.0031499645954647746
2017-07-28,0.0011564128389752418
2017-07-31,0.002450276836475368
2017-08-01,-0.0015213754903809751
2017-08-02,0.0140659493105562
2017-08-03,-0.0031597183741742013
2017-08-04,0.005459606695362019
2017-08-07,0.011743357130249437
2017-08-08,0.00632779866974423
2017-08-09,-0.0023631268709987424
2017-08-10,-0.00517000395791601
2017-08-11,0.016825100131563357
2017-08-14,0.01657658386020489
2017-08-15,-0.00011725825339025688
2017-08-16,-0.0033801684685044625
2017-08-17,0.010058474180896244
2017-08-18,0.017234683028814448
2017-08-21,-0.004761648778363326
2017-08-22,0.013695190405047351
2017-08-23,0.014952360633719474
2017-08-24,0.003924407196706261
2017-08-25,0.0006302520889911386
2017-08-28,0.007396139505040606
2017-08-29,-0.004323257276968098
2017-08-30,-0.007432977734358169
2017-08-31,-0.006546088972285265
2017-09-01,0.0025400815714137887
2017-09-04,0.011054622102015792
2017-09-05,0.005117426395380393
2017-09-06,0.011407920057436953
2017-09-08,0.004285844548949713
2017-09-11,0.011651238747065102
2017-09-12,-0.002341723048340159
2017-09-13,0.0031902042471166465
2017-09-14,0.004174160509131126
2017-09-15,0.019829288767754957
2017-09-18,0.004977858757320429
2017-09-19,0.004954657635184378
2017-09-20,-0.007329306423914564
2017-09-21,-0.006266372707404273
2017-09-22,-0.006517497489123047
2017-09-25,-0.015071578122604372
2017-09-26,-0.007664025839454587
2017-09-27,-0.00624267770270704
2017-09-28,-0.006721210304818211
2017-09-29,0.018052755012870174
2017-10-02,0.010266387838271069
2017-10-03,0.02239363230539777
2017-10-04,0.011706404089424156
2017-10-05,-0.003563636131609292
2017-10-06,-0.007690213574670634
2017-10-09,-0.005733505902637235
2017-10-10,0.013922919874961802
2017-10-11,-0.004695186269153607
2017-10-13,-0.005122999036333553
2017-10-16,-0.005415534125930328
2017-10-17,-0.022573891456254134
2017-10-18,0.015110623620857657
2017-10-19,-0.0029208333792328117
2017-10-20,0.007906967349628966
2017-10-23,-0.009788853684374883
2017-10-24,0.0012153920009431462
2017-10-25,0.0036164704057111813
2017-10-26,-0.0085661033765513
2017-10-27,0.0006370473570085409
2017-10-30,-0.011074365474389898
2017-10-31,-0.004701911843625199
2017-11-01,0.006645801316075795
2017-11-03,-0.011506805626583134
2017-11-06,-0.007671733112314623
2017-11-07,-0.03442037313221625
2017-11-08,0.023911639286367567
2017-11-09,-0.02608969202755531
2017-11-10,-0.02694935850594562
2017-11-13,0.005896864319617105
2017-11-14,-0.016067566418793214
2017-11-16,0.015326083480303725
2017-11-17,0.009526829856958388
2017-11-21,0.010811130273643065
2017-11-22,-0.002967051603342153
2017-11-23,-0.0011466067632446974
2017-11-24,-0.002809112277577526
2017-11-27,0.0065763793137689815
2017-11-28,-0.0023937846162209184
2017-11-29,-0.020156100951859362
2017-11-30,-0.01805399847555798
2017-12-01,-0.003417218919138963
2017-12-04,0.013162429968482497
2017-12-05,-0.004076921011882378
2017-12-06,0.011152984358993928
2017-12-07,-0.0129989145488655
2017-12-08,0.006452618295123859
2017-12-11,-0.0034779906013267655
2017-12-12,-9.980596994471402e-05
2017-12-13,0.003180247775583054
2017-12-14,-0.00997724034703976
2017-12-15,0.009661544172338313
2017-12-18,0.022341887479028044
2017-12-19,-0.01868826253836919
2017-12-20,0.007231193859114544
2017-12-21,0.017206504306136773
2017-12-22,0.0005862152575133134
2017-12-26,0.00897445328628635
2017-12-27,0.013247893504091618
2017-12-28,0.006711369208435729
2017-12-29,-3.1746031746031745e-05
2018-01-02,0.009245169503149247
2018-01-03,-0.0019151285777153214
2018-01-04,0.007417373924275777
2018-01-05,-0.003138865945490171
2018-01-08,-0.007669872816210338
2018-01-09,-0.009115793745856318
2018-01-10,-0.008328718989656377
2018-01-11,0.005268119808824842
2018-01-12,-0.0004817565413042305
2018-01-15,0.006813317018501388
2018-01-16,-0.004409031786090504
2018-01-17,0.004606313220782266
2018-01-18,0.006311932992414275
2018-01-19,0.005086111946606852
2018-01-22,0.0072176367916965065
2018-01-23,-0.015154952949673636
2018-01-24,0.020848646987833327
2018-01-26,0.01152406064406981
2018-01-29,-0.004889417705346092
2018-01-30,-0.006303577810369691
2018-01-31,0.002179722589460068
2018-02-01,0.013446380766601224
2018-02-02,-0.007385624778682809
2018-02-05,-0.017232489225510517
2018-02-06,0.006536413894827637
2018-02-07,-0.003970573950431218
2018-02-08,-0.008049588895239837
2018-02-09,-0.010885418410964891
2018-02-14,0.01169144711235932
2018-02-15,0.012788786498364573
2018-02-16,0.0045931599488994715
2018-02-19,0.01801464284468735
2018-02-20,-0.0014696473353386157
2018-02-21,0.008249009363889014
2018-02-22,-0.0006496609735163573
2018-02-23,0.005081466569801456
2018-02-26,0.005090364007289194
2018-02-27,-0.008283697285848466
2018-02-28,-0.006680703762973726
2018-03-01,-0.002354331082508334
2018-03-02,0.0027642759737937007
2018-03-05,0.0035150874533269403
2018-03-06,-0.006205354487270992
2018-03-07,0.001422277682177822
2018-03-08,-0.020779855948031823
2018-03-09,0.010128699542071745
2018-03-12,0.0026662449011740697
2018-03-13,0.0006775976838255992
2018-03-14,-0.005498379735010089
2018-03-15,-0.007262567371316606
2018-03-16,-0.006528274749460181
2018-03-19,-0.005703180841072422
2018-03-20,0.01119597854381907
2018-03-21,-0.0028962113683497284
2018-03-22,-0.005415168693622532
2018-03-23,-0.010027950779689366
2018-03-26,0.00019300466483664446
2018-03-27,-0.017496759011581563
2018-03-28,-0.005165078370100355
2018-03-29,0.01783864483227004
2018-04-02,-0.013244721937342899
2018-04-03,0.01221113682098838
2018-04-04,-0.0063311709461988585
2018-04-05,0.021249252227997357
2018-04-06,-0.016632463163334846
2018-04-09,-0.0035296378056320116
2018-04-10,-0.002109825602038485
2018-04-11,0.003319471327711271
2018-04-12,0.017053872494554815
2018-04-13,-0.008252345556719826
2018-04-16,-0.004238403675683753
2018-04-17,0.009153451360215779
2018-04-18,0.00815063432818727
2018-04-19,-0.0008156890787396166
2018-04-20,0.007280088137292484
2018-04-23,-0.0035523649903706498
2018-04-24,0.005881990925715624
2018-04-25,0.003472306657956965
2018-04-26,0.005849212280449649
2018-04-27,0.010570057209363343
2018-04-30,-0.009332096019571457
2018-05-02,-0.013857031043422565
2018-05-03,-0.015026206149309503
2018-05-04,0.0033796636352059753
2018-05-07,-0.0005601897986402484
2018-05-08,-0.0033265178034990995
2018-05-09,0.0075949233864881305
2018-05-10,0.011292894408976708
2018-05-11,0.0029075400675846147
2018-05-14,-0.01220477435220749
2018-05-15,-0.018138513009268963
2018-05-16,0.02196498075974802
2018-05-17,-0.020735268166585854
2018-05-18,-0.0015439642561125052
2018-05-21,-0.005728728839375235
2018-05-22,0.018744876149501766
2018-05-23,-0.019916322910929173
2018-05-24,-0.007364926336740902
2018-05-25,-0.006528520111304739
2018-05-28,-0.044069465084598254
2018-05-29,0.0009853267983794504
2018-05-30,0.012097294399146733
2018-06-01,0.013797874084514833
2018-06-04,0.01785612345277329
2018-06-05,-0.014041947561797708
2018-06-06,-0.01254232450955287
2018-06-07,-0.037919190259245165
2018-06-08,0.0015241132199083744
2018-06-11,-0.0018803786927996493
2018-06-12,-0.0004655759845226638
2018-06-13,-0.004089495689172133
2018-06-14,-0.006362413410991648
2018-06-15,-0.014283794880161313
2018-06-18,-0.015781875995160757
2018-06-19,0.014778932430290596
2018-06-20,0.019263267260171867
2018-06-21,-0.022339381853776704
2018-06-22,0.008103334125516873
2018-06-25,-0.004435972443665492
2018-06-26,0.0033170926718154264
2018-06-27,-0.007103894083271915
2018-06-28,0.0035815436972408466
2018-06-29,0.0009916232861664632
2018-07-02,0.0023786653183534684
2018-07-03,0.019364500160916526
2018-07-04,0.020390125853482696
2018-07-05,0.013470946408830934
2018-07-06,0.009510067799720096
2018-07-10,-0.0005705805985942424
2018-07-11,-0.01717275739911905
2018-07-12,0.021389826356683978
2018-07-13,0.003057718563550902
2018-07-16,-0.0032184349634795176
2018-07-17,0.009608535280131298
2018-07-18,-0.0007294948502441509
2018-07-19,0.00880201492512482
2018-07-20,0.021627878662415032
2018-07-23,-0.010216198511221939
2018-07-24,0.010178961429296399
2018-07-25,-0.0003170532555491498
2018-07-26,-0.009424487112155324
2018-07-27,0.004187810467028472
2018-07-30,-0.0024516165251939714
2018-07-31,-0.009604738024519895
2018-08-01,0.011454152407163352
2018-08-02,0.008575026755731362
2018-08-03,0.014928872472379461
2018-08-06,-0.0036113224780967698
2018-08-07,-0.005612857313084444
2018-08-08,-0.014081867360042523
2018-08-09,-0.01610059272970482
2018-08-10,-0.02946553502359822
2018-08-13,0.009788659845525096
2018-08-14,0.0219204382934855
2018-08-15,-0.022902478719132938
2018-08-16,-0.008881807923133984
2018-08-17,-0.007658873650627582
2018-08-20,-0.00021987627074365832
2018-08-21,-0.01050769349696657
2018-08-22,0.01875546829318959
2018-08-23,-0.01865285380545839
2018-08-24,0.0003143108923413448
2018-08-27,0.020879348201640273
2018-08-28,-0.002485917912709092
2018-08-29,0.01768169914064856
2018-08-30,-0.022612651885978923
2018-08-31,0.0009006405668203942
2018-09-03,0.00038400064465834603
2018-09-04,-0.01319135759973165
2018-09-05,-0.006407406288914792
2018-09-06,0.00806875118168628
2018-09-10,0.01312704481722216
2018-09-11,-0.015843760297205512
2018-09-12,-0.009631293397028564
2018-09-13,-0.020367694146488334
2018-09-14,-0.007416298568116142
2018-09-17,0.017607553110171068
2018-09-18,0.011005231405827511
2018-09-19,0.005683529567699937
2018-09-20,-0.0021113112780274334
2018-09-21,0.006651517156795676
2018-09-24,-0.005273745564904411
2018-09-25,-0.004072279715693234
2018-09-26,0.005972261307709588
2018-09-27,0.004500277016648179
2018-09-28,-0.009414553276630008
2018-10-01,-0.04533418870504944
2018-10-02,0.03890345498631712
2018-10-03,0.012544284914831793
2018-10-04,-0.010742133089069924
2018-10-05,0.013322282653004433
2018-10-08,0.026165923624825903
2018-10-09,0.013170979327235351
2018-10-10,-0.02270105336428376
2018-10-11,-0.007493054159531851
2018-10-15,0.0015602476763449875
2018-10-16,0.022413331235596835
2018-10-17,0.021528169620363406
2018-10-18,0.0044367883922708014
2018-10-19,0.0476979114036185
2018-10-22,0.04509900303264402
2018-10-23,0.009906466818286644
2018-10-24,-0.02835065677942564
2018-10-25,0.005643766794314077
2018-10-26,0.0051171334134019
2018-10-29,-0.021776740145565788
2018-10-30,0.017691156971300297
2018-10-31,0.011802265543919664
2018-11-01,0.00505442731643839
2018-11-05,0.013906034744787963
2018-11-06,-0.001859060050181593
2018-11-07,-0.023482608780023836
2018-11-08,-0.02041882515602809
2018-11-09,0.0075308783282960375
2018-11-12,-0.0006718489879359372
2018-11-13,-0.010598430095776849
2018-11-14,0.009165375909971282
2018-11-16,0.021773953099381883
2018-11-19,-0.008779088356650108
2018-11-21,-0.016066780959978818
2018-11-22,-0.006022833462688524
2018-11-23,-5.8368644960248044e-06
2018-11-26,-0.015627737145849117
2018-11-27,0.01114134814519736
2018-11-28,0.012067111508604726
2018-11-29,0.009395215304526205
2018-11-30,-0.004671271134077252
2018-12-03,0.012664060780636364
2018-12-04,-0.015624733866580582
2018-12-05,0.01011185710877536
2018-12-06,-0.005335704319769974
2018-12-07,-0.0020856770374486576
2018-12-10,-0.014003411608190772
2018-12-11,0.0001272585142815922
2018-12-12,-0.0011428616382483513
2018-12-13,0.0031029166178860924
2018-12-14,1.092221993406973e-05
2018-12-17,-0.0030033697268060694
2018-12-18,0.007211517167697035
2018-12-19,-0.0012890070521304146
2018-12-20,-0.005809902969579229
2018-12-21,-0.0017053221896340222
2018-12-26,-0.00655960595967735
2018-12-27,-3.4126262493433766e-05
2018-12-28,0.02599838632766895
2019-01-02,0.02670379243343661
2019-01-03,0.012364774254702806
2019-01-04,-0.0042886294301234815
2019-01-07,-0.009455774532120056
2019-01-08,0.004048766261540264
2019-01-09,0.029511293121619552
2019-01-10,0.009470589291394863
2019-01-11,0.0034628319789879697
2019-01-14,0.01374853004840344
2019-01-15,0.003243800033519927
2019-01-16,0.0058262099274695835
2019-01-17,0.013088089808711251
2019-01-18,0.004049375431173556
2019-01-21,-0.004422516633783551
2019-01-22,-0.007446963167112101
2019-01-23,0.010516455850042922
2019-01-24,0.013475000469023581
2019-01-28,-0.0038798441094423535
2019-01-29,0.011128267230893902
2019-01-30,0.017121396622960115
2019-01-31,0.003976384073090624
2019-02-01,0.00222508668470296
2019-02-04,-0.00014183087275482315
2019-02-05,-7.125108908346425e-05
2019-02-06,-0.028936384165651963
2019-02-07,-0.015360525659171374
2019-02-08,0.0021273781700637162
2019-02-11,-0.006232164584873666
2019-02-12,0.00565730571224065
2019-02-13,0.0026006150061530934
2019-02-14,0.008280567048593965
2019-02-15,0.00043916190084514726
2019-02-18,-0.000917871577948655
2019-02-19,0.008121842368460096
2019-02-20,-0.006723062409907222
2019-02-21,-0.006385296265000119
2019-02-22,0.007260817521777138
2019-02-25,0.0022353772948316163
2019-02-26,0.0024993309527034865
2019-02-27,0.012721803062959884
2019-02-28,-0.0035723858659469
2019-03-01,-0.00574490463664403
2019-03-06,-0.019435083416999396
2019-03-07,0.0012526709576781323
2019-03-08,0.021480219306681456
2019-03-11,0.007280842245075419
2019-03-12,-0.006297131094612096
2019-03-13,0.00041226677000962377
2019-03-14,0.0029316581659531308
2019-03-15,-0.003422900030856701
2019-03-18,0.0168509133085894
2019-03-19,0.004963531147330495
2019-03-20,-0.00016976593522850735
2019-03-21,-0.006132057517527046
2019-03-22,-0.03411124785237253
2019-03-25,-0.010351974399719547
2019-03-26,0.011678627688316233
2019-03-27,-0.032575130281782834
2019-03-28,0.017694398207506887
2019-03-29,0.010523430301099028
2019-04-01,0.017119215135847878
2019-04-02,-0.0004055082140611142
2019-04-03,-0.005875037780819469
2019-04-04,0.0029005423747994253
2019-04-05,0.010985407489593034
2019-04-08,-0.0030511608629660175
2019-04-09,-0.009385647205721135
2019-04-10,-0.006686864768522299
2019-04-11,-0.005499690149647544
2019-04-12,-0.017103291467558457
2019-04-15,0.000989988730577496
2019-04-16,0.002901796912997442
2019-04-17,0.0007170331551847189
2019-04-18,0.008659379991904475
2019-04-22,-0.005769803735706984
2019-04-23,0.026197368411980806
2019-04-24,-0.011598042483334386
2019-04-25,0.014903103301375939
2019-04-26,-0.0011084398328799862
2019-04-29,0.007595686126912988
2019-04-30,0.005949041468562373
2019-05-02,-0.008345188365994375
2019-05-03,0.006333381057784414
2019-05-06,-0.0013505928854859717
2019-05-07,-0.002389923327771444
2019-05-08,0.0062159236361061295
2019-05-09,-0.002069001787249232
2019-05-10,-0.006761798807709336
2019-05-13,-0.03574319752143338
2019-05-14,0.012257809351078248
2019-05-15,-0.008842978367870348
2019-05-16,-0.012750700167019558
2019-05-17,-0.004624777795070048
2019-05-20,0.023729602546816643
2019-05-21,0.018790419374434392
2019-05-22,0.001234846661535843
2019-05-23,-0.01222638564773586
2019-05-24,-0.018499702890939405
2019-05-27,0.010761904642620012
2019-05-28,0.004787382537871716
2019-05-29,0.002046580050136106
2019-05-30,0.005697489822882397
2019-05-31,0.006109471239897794
2019-06-03,-0.00667291392059886
2019-06-04,0.007472710713946906
2019-06-05,-0.002808021554968837
2019-06-06,0.008028895510889162
2019-06-07,-0.001095785458935869
2019-06-10,0.00019053594654581404
2019-06-11,0.01647135486455048
2019-06-12,-0.009316976237862153
2019-06-13,0.015256406762466848
2019-06-14,0.0004409696124508617
2019-06-17,-0.0023658985583544334
2019-06-18,0.019547324396395286
2019-06-19,0.0049035919415912335
2019-06-21,0.004667738263703831
2019-06-24,-0.003302176683671419
2019-06-25,-0.014899782998434747
2019-06-26,0.013250990738826227
2019-06-27,0.0044099962605169615
2019-06-28,0.0007370453017047262
2019-07-01,0.006132770218268837
2019-07-02,0.0021991510017155447
2019-07-03,0.012838973534742348
2019-07-04,0.017290197809010525
2019-07-05,0.016141954554072305
2019-07-08,0.012522995982357083
2019-07-10,0.016571969095189744
2019-07-11,-0.007010777831824128
2019-07-12,-0.014056696267978891
2019-07-15,0.0016070975026565098
2019-07-16,4.4757795702213346e-05
2019-07-17,0.0010534836535019524
2019-07-18,0.008009069445098252
2019-07-19,-0.011757186903773854
2019-07-22,0.0010505399015992064
2019-07-23,-0.007308967373501218
2019-07-24,0.007825626373522828
2019-07-25,-0.00638859061132785
2019-07-26,0.00940998235064518
2019-07-29,0.004985849558302285
2019-07-30,0.016433918354592014
2019-07-31,0.03549352095409413
2019-08-01,0.018458196558653717
2019-08-02,0.04789893551174024
2019-08-05,-0.04555622584904812
2019-08-06,-0.013270041861199913
2019-08-07,-0.0024989133979684036
2019-08-08,0.005310371994248644
2019-08-09,0.05682008981610774
2019-08-12,-0.0186117823433214
2019-08-13,0.004110307493854726
2019-08-14,-0.026781566277640247
2019-08-15,-0.016629523748122033
2019-08-16,0.0163848621861173
2019-08-19,0.007481220162823862
2019-08-20,-0.011388796102409967
2019-08-21,0.02131138489615613
2019-08-22,0.005624327353400477
2019-08-23,-0.029027570842648245
2019-08-26,-0.02150247509606343
2019-08-27,0.005773223998259937
2019-08-28,0.018657784728904257
2019-08-29,0.022094552993381013
2019-08-30,0.01695370520325183
2019-09-02,0.004040781460022753
2019-09-03,-0.019769281970782187
2019-09-04,0.006877507296666319
2019-09-05,0.0016879522564417484
2019-09-06,-0.007035568782126505
2019-09-09,-0.0031317154990968487
2019-09-10,-0.003975106817342781
2019-09-11,0.0159780366850717
2019-09-12,0.0037515501949098575
2019-09-13,-0.009359510784872967
2019-09-16,-0.0013616248803346143
2019-09-17,0.01024626717978666
2019-09-18,0.009360544679813575
2019-09-19,0.026079078514868636
2019-09-20,-0.002661084529925436
2019-09-23,-0.006724001779201326
2019-09-24,0.012123026453566572
2019-09-25,-0.007342319085045489
2019-09-26,0.015228193073568787
2019-09-27,0.007505953687927914
2019-09-30,-0.007020693076927685
2019-10-01,0.0012945912432982688
2019-10-02,-0.009166531856512797
2019-10-03,0.002285007046964172
2019-10-04,0.011008309485194654
2019-10-07,-0.016373903293972415
2019-10-08,-0.004231126601080081
2019-10-09,0.0141367239530139
2019-10-10,-0.0009173356659437584
2019-10-11,0.02859313505057932
2019-10-14,0.01285073795481915
2019-10-15,0.006638652284923101
2019-10-16,0.02729633296067326
2019-10-17,-0.011066952784145571
2019-10-18,-9.708790627695744e-05
2019-10-21,-0.001704898873989608
2019-10-22,0.00010849468374589456
2019-10-23,-0.0007574649047037859
2019-10-24,-0.004242574081653178
2019-10-25,0.0014175058893449402
2019-10-28,-0.0018948296463320742
2019-10-29,-0.013910070607906248
2019-10-30,0.01925795669088545
2019-10-31,-0.00420736290823004
2019-11-01,0.013686914029080503
2019-11-04,0.013431367166776613
2019-11-05,0.005140394977528611
2019-11-06,0.009205534143465198
2019-11-07,0.014189132896031822
2019-11-08,-0.009624963287338289
2019-11-11,0.010203433062597552
2019-11-12,-0.019045967237561807
2019-11-13,-0.0012395373044248263
2019-11-14,0.028143086428797547
2019-11-18,0.0028299899962943875
2019-11-19,0.0008948292852001696
2019-11-21,0.020522499139630203
2019-11-22,0.008725258861738663
2019-11-25,0.008123861598988744
2019-11-26,-0.005410069009807482
2019-11-27,0.013527044301925261
2019-11-28,0.009120671974091516
2019-11-29,0.001568996210483372
2019-12-02,0.014557942112704083
2019-12-03,0.004451675046055141
2019-12-04,-0.007348005698310407
2019-12-05,0.0046821586695502205
2019-12-06,0.015130364329467292
2019-12-09,-0.0007844733517414841
2019-12-10,0.0007024165357568475
2019-12-11,0.01698508650042478
2019-12-12,0.008322410250875649
2019-12-13,0.002039053502316805
2019-12-16,-0.002288099458691308
2019-12-17,-0.0090080906711908
2019-12-18,0.009694086357936085
2019-12-19,0.010888920085323142
2019-12-20,-0.004638873031955964
2019-12-23,0.008254733103786159
2019-12-26,0.02443754683849342
2019-12-27,-1.0192023216054848e-05
2019-12-30,0.006479913332894529
2020-01-02,0.02383963033124251
2020-01-03,0.010781494094493452
2020-01-06,-0.0015176433524360386
2020-01-07,0.008449603285516452
2020-01-08,0.00921639296461097
2020-01-09,0.0034883129479239727
2020-01-10,0.002729053890888504
2020-01-13,0.03474291780679481
2020-01-14,0.009671421795883076
2020-01-15,-0.0009259451957422648
2020-01-16,0.0038950780035051113
2020-01-17,0.005413631857268563
2020-01-20,0.018564034480994755
2020-01-21,0.006672383524380937
2020-01-22,-0.001218745600422092
2020-01-23,0.00822859280990939
2020-01-24,-0.019664223649628085
2020-01-27,-0.035923748436107836
2020-01-28,0.015334842634713216
2020-01-29,-0.008060401052114988
2020-01-30,-0.018837843246414486
2020-01-31,-0.011797889039360479
2020-02-03,0.01911419314596973
2020-02-04,0.009695048445274362
2020-02-05,0.0040935107593721605
2020-02-06,-0.0065785508093423265
2020-02-07,-0.0020701933655534687
2020-02-10,-0.001728654425846127
2020-02-11,0.023548043020097664
2020-02-12,0.02362165590233004
2020-02-13,-0.003092802347271292
2020-02-14,-0.012141680075381456
2020-02-17,-0.0029714896746536176
2020-02-18,-0.009434455861454806
2020-02-19,0.01969429930390082
2020-02-20,-0.026698053778361205
2020-02-21,0.0054387107198137635
2020-02-26,-0.07294446635849547
2020-02-27,-0.03540062638830792
2020-02-28,-0.010428489269747902
2020-03-02,0.041206698056540814
2020-03-03,0.00996866800115108
2020-03-04,0.02500167136425426
2020-03-05,-0.0670779103404927
2020-03-06,-0.04280522911101507
2020-03-09,-0.1371683576256204
2020-03-10,0.08013457949019481
2020-03-11,-0.07298591505055833
2020-03-12,-0.16591315742771987
2020-03-13,0.12115879217235377
2020-03-16,-0.13523082084464155
2020-03-17,0.03379580021277651
2020-03-18,-0.11504135904447303
2020-03-19,0.06927606690504996
2020-03-20,-0.010889820068913106
2020-03-23,-0.044096461350877095
2020-03-24,0.10575295320433209
2020-03-25,0.06312755340768579
2020-03-26,0.03460756296769112
2020-03-27,-0.05358061283077657
2020-03-30,-0.005303966532972056
2020-03-31,-0.01804981389499197
2020-04-01,-0.04111545062780975
2020-04-02,0.015068312304997037
2020-04-03,-0.03715800186807124
2020-04-06,0.0717281192330261
2020-04-07,0.033825931422661756
2020-04-08,0.019958625780162997
2020-04-09,-0.019109149320824692
2020-04-13,0.011792905720149712
2020-04-14,0.01367348822988757
2020-04-15,-0.0033605635215617096
2020-04-16,0.02218890152048862
2020-04-17,-0.009630302369425718
2020-04-20,0.03335044976792317
2020-04-22,0.05749051462225979
2020-04-23,-0.009746344883848125
2020-04-24,-0.05280494164132968
2020-04-27,0.04938509621068358
2020-04-28,0.0399637309948707
2020-04-29,0.018731191223877335
2020-04-30,-0.03388983470679045
2020-05-04,-0.017528150042405374
2020-05-05,0.0033263550063187563
2020-05-06,0.015083350856412738
2020-05-07,0.046921760447318016
2020-05-08,-0.0028032611753082393
2020-05-11,-0.02725880962451924
2020-05-12,0.003905837797318413
2020-05-13,0.000527434779460211
2020-05-14,-0.0011699877482272423
2020-05-15,-0.0250996592322716
2020-05-18,0.007550641365122974
2020-05-19,0.020277064468453433
2020-05-20,0.004035008276994402
2020-05-21,0.022874679305603083
2020-05-22,-0.004008364510245611
2020-05-25,0.026371176276979755
2020-05-26,0.00033008966543097745
2020-05-27,0.03277248078169218
2020-05-28,-0.0152739583939916
2020-05-29,0.002980331355925982
2020-06-01,0.020495760080196913
2020-06-02,0.028418018237693268
2020-06-03,0.031001813047739406
2020-06-04,0.009486886938026282
2020-06-05,-0.0071528684571883164
2020-06-08,0.02652189570459147
2020-06-09,-0.009021997481572046
2020-06-10,-0.006947041102174485
2020-06-12,-0.019055483652566284
2020-06-15,0.0053450982155080476
2020-06-16,0.01785452880879757
2020-06-17,0.017674515782305826
2020-06-18,0.013719044336054734
2020-06-19,0.030999958707514454
2020-06-22,-0.013255059194261011
2020-06-23,-0.001974067740852102
2020-06-24,0.0010228105464363372
2020-06-25,-0.002882725640436969
2020-06-26,-0.02271993675927968
2020-06-29,0.019603493319353224
2020-06-30,0.015400143793325948
2020-07-01,0.021727190421372135
2020-07-02,-0.01398619257903499
2020-07-03,0.010631294778061183
2020-07-06,0.027577812391650882
2020-07-07,-0.0059838908897718104
2020-07-08,0.008425620840751583
2020-07-09,-0.003134651476922571
2020-07-10,0.0001524921294189664
2020-07-13,0.0009676461089651271
2020-07-14,0.0066572362723992425
2020-07-15,0.008148732121960166
2020-07-16,-0.01470469305361268
2020-07-17,0.02719700980423194
2020-07-20,0.024002961540994096
2020-07-21,-0.009233556850230475
2020-07-22,0.001520777503808677
2020-07-23,-0.03181229848627266
2020-07-24,-0.016193856059515063
2020-07-27,0.009519228258078055
2020-07-28,0.00240634848066921
2020-07-29,0.0005205859510686113
2020-07-30,0.007752907422745078
2020-07-31,-0.014733571905555633
2020-08-03,-0.005332159756491207
2020-08-04,-0.01706368385825291
2020-08-05,0.032133892076674025
2020-08-06,0.01917480691441397
2020-08-07,-0.010868079966047989
2020-08-10,-0.005748764324752657
2020-08-11,-0.001263881262960886
2020-08-12,-0.005980881605374054
2020-08-13,-0.01167563846747527
2020-08-14,0.006029795569974139
2020-08-17,-0.020573483189026995
2020-08-18,0.043499623211806976
2020-08-19,-0.0038575359564225822
2020-08-20,0.013003549617352141
2020-08-21,0.010900658105441169
2020-08-24,0.0064528277468711755
2020-08-25,-0.0014658045562329768
2020-08-26,-0.013584573771146642
2020-08-27,-0.005932668138424913
2020-08-28,0.020358430245853862
2020-08-31,-0.016774285784050425
2020-09-01,0.014446651927210093
2020-09-02,0.0009725825899830858
2020-09-03,-0.025151230315184053
2020-09-04,0.017503091743506508
2020-09-08,-0.003313009999297913
2020-09-09,0.018182921965630875
2020-09-10,-0.021019864139333266
2020-09-11,-0.012640989679031397
2020-09-14,0.022923920013460088
2020-09-15,0.012095723654266446
2020-09-16,-0.010454351138330062
2020-09-17,-0.007095987444609358
2020-09-18,-0.020046966173925117
2020-09-21,-0.005291669114654329
2020-09-22,-0.012551495521336073
2020-09-23,-0.024866206083512057
2020-09-24,0.013887301277442475
2020-09-25,-0.005804716930379521
2020-09-28,-0.031220996108683483
2020-09-29,-0.01305475563393417
2020-09-30,0.0235528384456796
2020-10-01,0.01923796908093307
2020-10-02,-0.022835688968614352
2020-10-05,0.012325473747886683
2020-10-06,-0.006234300753308708
2020-10-07,0.004055281284844058
2020-10-08,0.009059018956862779
2020-10-09,-0.009860395915000044
2020-10-13,0.01250385027220907
2020-10-14,0.009740700914141
2020-10-15,0.00994001755059498
2020-10-16,-0.007875867642550001
2020-10-19,-0.006078277394249938
2020-10-20,0.01717429740559856
2020-10-21,0.009702332242144777
2020-10-22,-0.008045093433619411
2020-10-23,-0.011482062160157194
2020-10-26,-0.009668993516629367
2020-10-27,-0.0044291997695816415
2020-10-28,-0.04533557115751943
2020-10-29,0.0018895657916800236
2020-10-30,-0.024058314959013456
2020-11-03,0.0015567969759123215
2020-11-04,0.011031766054037457
2020-11-05,0.03900502889401284
2020-11-06,0.00499961965677243
2020-11-09,0.0125070889169266
2020-11-10,-0.00914568855964592
2020-11-11,-0.0032837563380225137
2020-11-12,-0.0104767096245451
2020-11-13,0.025238659478088264
2020-11-16,0.0019403012433510754
2020-11-17,-0.00012971009246822422
2020-11-18,-0.005419836875763424
2020-11-19,-0.002423715860707104
2020-11-23,0.019513767279132014
2020-11-24,0.009366603294403905
2020-11-25,0.009131699284519172
2020-11-26,0.006756136974411617
2020-11-27,0.004610645277682221
2020-11-30,-0.02738223430758236
2020-12-01,0.013799193264453476
2020-12-02,-0.006865603319013259
2020-12-03,0.010751757137794754
2020-12-04,0.010621225102951942
2020-12-07,0.008081509695805646
2020-12-08,-0.005095784595009498
2020-12-09,-0.00882773885189057
2020-12-10,0.006598037766449151
2020-12-11,0.0023304107431447044
2020-12-14,0.0021525510262284595
2020-12-15,0.011416367981830043
2020-12-16,0.010441929390961734
2020-12-17,0.003385462462401116
2020-12-18,-0.0020064825261915673
2020-12-21,-0.018329313032417367
2020-12-22,0.008732806448883787
2020-12-23,-0.004509103961078615
2020-12-28,0.01294909815680754
2020-12-29,0.0022861276226572727
2020-12-30,0.0007701938992285789
2021-01-04,-0.0030411502862771186
2021-01-05,-0.00976295618968102
2021-01-06,-0.017310825520263622
2021-01-07,0.015025811334892563
2021-01-08,0.031926038243543904
2021-01-11,-0.016101919906979137
2021-01-12,0.017182278186584608
2021-01-13,-0.009254248238797683
2021-01-14,0.017019793006959567
2021-01-15,-0.005015468226457136
2021-01-18,0.0030757756756684307
2021-01-19,-0.014086451255564977
2021-01-20,0.006412293992134245
2021-01-21,-0.015181553509755913
2021-01-22,-0.008290797939024364
2021-01-26,-0.015790795124605593
2021-01-27,0.004684731530103519
2021-01-28,0.023792787944080716
2021-01-29,-0.03064317924915807
2021-02-01,0.01696882281845922
2021-02-02,0.016789467490341756
2021-02-03,0.016176094842705328
2021-02-04,-0.009849957185020842
2021-02-05,0.0014206267121002717
2021-02-08,0.007312628465989659
2021-02-09,-0.008969312846560681
2021-02-10,-0.014027622301991118
2021-02-11,0.01399469596699013
2021-02-12,-4.40266538886781e-05
2021-02-17,0.007776993142615996
2021-02-18,-0.008796553319331707
2021-02-19,0.005657222494578764
2021-02-22,-0.013265784514462767
2021-02-23,0.0079988494983981
2021-02-24,0.010248877687334715
2021-02-25,-0.02613564036477458
2021-02-26,-0.0180701340161993
2021-03-01,0.0034074041143094037
2021-03-02,-0.0006277898773050093
2021-03-03,-0.005460316566148211
2021-03-04,0.022966618050898828
2021-03-05,0.01920426056784407
2021-03-08,-0.04681665899748012
2021-03-09,-0.0054895948634837415
2021-03-10,0.007805087690969133
2021-03-11,0.009960545156775462
2021-03-12,0.0008759532424691461
2021-03-15,0.0032112705870099407
2021-03-16,-0.00930901644336707
2021-03-17,0.027258707817169145
2021-03-18,-0.02522413735193017
2021-03-19,0.016400488405963254
2021-03-22,-0.00019392019639009197
2021-03-23,-0.009537803287373496
2021-03-24,-0.013809857209091256
2021-03-25,0.007401890919596105
2021-03-26,-0.007326868314437463
2021-03-29,0.0031463907929735
2021-03-30,0.019630302707677866
2021-03-31,-0.008601960995001072
2021-04-01,-0.004463052483209768
2021-04-05,0.006950243455418212
2021-04-06,0.008513093817683557
2021-04-07,0.0003568866270174255
2021-04-08,-9.774528055115817e-05
2021-04-09,0.0058590720529025355
2021-04-12,0.00850822561534489
2021-04-13,0.014322371590744681
2021-04-14,-0.0014817932916435465
2021-04-15,0.022099621520377716
2021-04-16,-4.883298452287014e-05
2021-04-19,0.007315470048131531
2021-04-20,-0.002778422476333661
2021-04-22,-0.006234197594534457
2021-04-23,-0.0020190946203901034
2021-04-26,-0.00302191601811284
2021-04-27,-0.01592346531608711
2021-04-28,0.001522509112471308
2021-04-29,0.005517648089745572
2021-04-30,-0.0011151201791110915
2021-05-03,0.007567776582432442
2021-05-04,0.0028847687221783477
2021-05-05,0.020717039203623635
2021-05-06,-0.002765997803636382
2021-05-07,0.01815652457158452
2021-05-10,-0.0035208056875479857
2021-05-11,0.002041234005899043
2021-05-12,-0.031776161384417044
2021-05-13,0.005403412264449272
2021-05-14,0.006794998875178999
2021-05-17,0.010950684528421423
2021-05-18,-0.012720120747180338
2021-05-19,-0.00849500424190568
2021-05-20,-0.0013632494982141977
2021-05-21,-0.014573446982835416
2021-05-24,0.010059691637840379
2021-05-25,0.0019670947122513217
2021-05-26,0.0031024496737387685
2021-05-27,0.018950946698143387
2021-05-28,0.007320255131610602
2021-05-31,0.01024451803800696
2021-06-01,0.022747814222673055
2021-06-02,0.003567264797312316
2021-06-04,0.008436606695828333
2021-06-07,0.0034982850933399424
2021-06-08,-0.005110969551362607
2021-06-09,0.003033672082755838
2021-06-10,0.005724713996639485
2021-06-11,-0.0036469264915916393
2021-06-14,0.004689133470915132
2021-06-15,-0.001505920602644719
2021-06-16,-0.010295618470480434
2021-06-17,-0.0071121739043696845
2021-06-18,0.003978845343997547
2021-06-21,0.013901599487158318
2021-06-22,0.0038453800269050487
2021-06-23,-0.019047712995103064
2021-06-24,0.008793307184964114
2021-06-25,-0.01848520479218715
2021-06-28,-0.0007322333247421927
2021-06-29,-0.0073104561542715
2021-06-30,-0.0016130265928788322
2021-07-01,-0.011882566033995125
2021-07-02,0.010413460460422271
2021-07-05,-0.003103341437640098
2021-07-06,-0.014847610496499538
2021-07-07,0.013351732110797942
2021-07-08,-0.012765429936958563
2021-07-12,0.016684740325907825
2021-07-13,0.006277876636950704
2021-07-14,-0.0013874448824203445
2021-07-15,-0.012955059937126603
2021-07-16,-0.0016351753854808282
2021-07-19,-0.0180112820605387
2021-07-20,0.000707942868538979
2021-07-21,-0.008994319199022377
2021-07-22,0.004634621484530611
2021-07-23,-0.010330776174074636
2021-07-26,-0.008118280693192901
2021-07-27,-0.014685752442225001
2021-07-28,0.011225779172740485
2021-07-29,0.004131530227802356
2021-07-30,-0.0296597875309929
2021-08-02,0.01570521605284392
2021-08-03,-0.014706232636112834
2021-08-04,-0.010995329369827483
2021-08-05,-0.014210454550556393
2021-08-06,-0.003886472593857395
2021-08-09,0.012264343136680029
2021-08-10,-0.010118346606544457
2021-08-11,-0.001994028232732963
2021-08-12,-0.02746679244556066
2021-08-13,-0.01908925817547176
2021-08-16,-0.0206556908379806
2021-08-17,-0.017052130192341166
2021-08-18,-0.006694973043072262
2021-08-19,0.011762573817382752
2021-08-20,0.00752303717141602
2021-08-23,-0.006135384450755659
2021-08-24,0.039767736994470025
2021-08-25,0.009909554219056352
2021-08-26,-0.02128579685885044
2021-08-27,0.010695437737675357
2021-08-30,-0.0050348945189761405
2021-08-31,-0.017077205477241866
2021-09-01,0.007796150266208345
2021-09-02,-0.027840407727678405
2021-09-03,0.004556843064087032
2021-09-06,0.01804777575430751
2021-09-08,-0.033262486936744176
2021-09-09,0.018365605917559317
2021-09-10,-0.0013714508218106785
2021-09-13,0.028653764404109994
2021-09-14,0.0019679804684842495
2021-09-15,-0.014901200401084861
2021-09-16,-0.010555450529691085
2021-09-17,-0.022461221072569655
2021-09-20,-0.018976835034842408
2021-09-21,0.011842409729109467
2021-09-22,0.006962837347287339
2021-09-23,0.010355733195316394
2021-09-24,-0.0031338014029916816
2021-09-27,-0.00756885951578493
2021-09-28,-0.0283610624170855
2021-09-29,0.009876407754680403
2021-09-30,-0.003332713004253672
2021-10-01,0.016635909967875482
2021-10-04,-0.03160811939070337
2021-10-05,0.0014830979882921272
2021-10-06,0.004442880051612597
2021-10-07,-0.0008607681162199414
2021-10-08,0.037942300051067204
2021-10-11,-0.005724589060185514
2021-10-13,0.02499726056117597
2021-10-14,-0.011691933962369717
2021-10-15,0.013863329256087223
2021-10-18,0.0004309633929791918
2021-10-19,-0.03705926091228065
2021-10-20,-0.0031661671640785516
2021-10-21,-0.045109666017054635
2021-10-22,0.0001031043338339863
2021-10-25,0.01727662260947341
2021-10-26,-0.03669423167987281
2021-10-27,0.007693632488165056
2021-10-28,-0.02138058864835459
2021-10-29,-0.008799192090823724
2021-11-01,0.012810126584942114
2021-11-03,0.028145356010714988
2021-11-04,-0.011969958083136705
2021-11-05,0.023850172085567074
2021-11-08,-0.018520425833987355
2021-11-09,0.02282394024559693
2021-11-10,0.007387985263958852
2021-11-11,0.026438579619231108
2021-11-12,-0.0120286145519278
2021-11-16,-0.03254682251130877
2021-11-17,-0.02097358612933698
2021-11-18,0.009357361716048894
2021-11-19,0.013696270705683225
2021-11-22,-0.027823191259296696
2021-11-23,0.008501896401703863
2021-11-24,0.006598404314248301
2021-11-25,0.022443318710473798
2021-11-26,-0.03493481960390292
2021-11-29,0.004718847379342749
2021-11-30,-0.012348213768987988
2021-12-01,-0.02429522509305702
2021-12-02,0.02767613019725181
2021-12-03,0.019295721039331828
2021-12-06,0.020908843643452992
2021-12-07,-0.005666618201055032
2021-12-08,0.02410345640980822
2021-12-09,-0.024295543646499003
2021-12-10,0.01947365091091468
2021-12-13,-0.006293205079624308
2021-12-14,-0.015675101514985974
2021-12-15,0.03070379760862256
2021-12-16,0.0161665409472061
2021-12-17,0.008712595673424138
2021-12-20,-0.022337570115132557
2021-12-21,0.0019501250250972383
2021-12-22,-0.006887475625789478
2021-12-23,-0.0063411601513978216
2021-12-27,0.017837630024294893
2021-12-28,0.0010588066012583246
2021-12-29,-0.004511235048644425
2021-12-30,0.01334378169021284
2022-01-03,-0.028064389241478613
2022-01-04,-0.015487916920281182
2022-01-05,-0.03153013157761221
2022-01-06,-0.003347682008781692
2022-01-07,-0.00684265326729739
2022-01-10,-0.01551552202803738
2022-01-11,0.01405647886259766
2022-01-12,0.034744876080904
2022-01-13,-0.005358690485372206
2022-01-14,0.00913747907364154
2022-01-17,-0.010320752769356642
2022-01-18,-0.006736317549221038
2022-01-19,0.036214740161187024
2022-01-20,0.01612372957557872
2022-01-21,-0.0016208068140406377
2022-01-24,-0.01703971391655551
2022-01-25,0.025646767039026776
2022-01-26,-0.0022108811378137774
2022-01-27,0.011023946569456235
2022-01-28,-0.0063415754779183545
2022-01-31,0.0131144763831595
2022-02-01,-0.008096476362490158
2022-02-02,-0.005960312428246716
2022-02-03,-0.004740572598363081
2022-02-04,-0.009497222793458939
2022-02-07,-0.007561570624387653
2022-02-08,0.00404936960246879
2022-02-09,0.009990454152204137
2022-02-10,0.0017215581495166447
2022-02-11,-0.017124916276965187
2022-02-14,0.009585052851892132
2022-02-15,0.017415767942862818
2022-02-16,3.945667737695558e-05
2022-02-17,-0.010851595192322108
2022-02-18,-0.009863719931634849
2022-02-21,-0.03441582368733269
2022-02-22,0.005375119879386737
2022-02-23,-0.015093129301136075
2022-02-24,-0.004165479540299044
2022-02-25,0.00011029045848296733
2022-03-02,0.028190987639098348
2022-03-03,-0.006197570531667444
2022-03-04,-0.007561912370021013
2022-03-07,-0.029242145458465506
2022-03-08,0.012880059540020859
2022-03-09,0.03519807200918206
2022-03-10,0.003978908169690282
2022-03-11,-0.026972061044282212
2022-03-14,-0.016102934450145726
2022-03-15,-0.004519369286845112
2022-03-16,0.018581156190577597
2022-03-17,0.021677558348959278
2022-03-18,0.03697950229230616
2022-03-21,-0.007732979777218153
2022-03-22,0.026448920484703924
2022-03-23,-0.001865672859509875
2022-03-24,0.03529269013917285
2022-03-25,0.00555695199530408
2022-03-28,-0.0003483326849039313
2022-03-29,0.015016629166121705
2022-03-30,-0.011328804007576047
2022-03-31,-0.008916013615893122
2022-04-01,0.01873004971646421
2022-04-04,-0.0020555994825677587
2022-04-05,-0.02815933035964099
2022-04-06,-0.012525716687810077
2022-04-07,-0.005329694272953361
2022-04-08,-0.01141938465257182
2022-04-11,-0.01302094847501722
2022-04-12,-0.0037058699443414797
2022-04-13,0.009593306582697579
2022-04-14,-0.010888261061148726
2022-04-18,-0.0014265090577054418
2022-04-19,-0.003241821380412088
2022-04-20,0.0038288101973652567
2022-04-22,-0.018892166402740145
2022-04-25,0.0011538239154039783
2022-04-26,-0.021585526267580844
2022-04-27,0.01514491494858444
2022-04-28,-0.0007991648243888793
2022-04-29,-0.022749552652004273
2022-05-02,-0.0036767402337550895
2022-05-03,-0.00012127128966305052
2022-05-04,0.038374314739060646
2022-05-05,-0.02918283092018442
2022-05-06,-0.01651558612022024
2022-05-09,-0.015431809015488457
2022-05-10,-0.005079426428367643
2022-05-11,-0.006753768080397054
2022-05-12,0.014322919776054752
2022-05-13,0.026210380151539467
2022-05-16,0.004935553412486395
2022-05-17,0.007988911994442422
2022-05-18,-0.024680866135971754
2022-05-19,0.00914996229736888
2022-05-20,0.007470116679031752
2022-05-23,0.01354558564523301
2022-05-24,-0.00591084560280446
2022-05-25,-0.007551193107169212
2022-05-26,0.01713594514319316
2022-05-27,0.00449926366537922
2022-05-30,-0.010582274126754877
2022-05-31,0.0016610989364796303
2022-06-01,-0.00093650612344421
2022-06-02,0.012545423350196821
2022-06-03,-0.01611864217996487
2022-06-06,-0.01775428209531045
2022-06-07,-0.015116667234279126
2022-06-08,-0.012545670196875637
2022-06-09,0.0001743501743507265
2022-06-10,-0.012398990581673382
2022-06-13,-0.0374647724187073
2022-06-14,-0.016715248722745515
2022-06-15,0.02954585312359873
2022-06-17,-0.014845431424711083
2022-06-20,-0.004984935400542044
2022-06-21,0.005133857137616806
2022-06-22,-0.004385888060692333
2022-06-23,-0.011763454229373867
2022-06-24,0.0014055587450159536
2022-06-27,0.015761606525411136
2022-06-28,-0.007871605722654485
2022-06-29,-0.021077977461848012
2022-06-30,-0.014400608008454916
2022-07-01,-0.00014673751514872872
2022-07-04,-0.0006986521654217236
2022-07-05,0.021167092389673937
2022-07-06,0.024507679618663014
2022-07-07,0.015298820942625782
2022-07-08,-0.0021942534332930665
2022-07-11,-0.019564810145237112
2022-07-12,0.016488619585419823
2022-07-13,-0.011664235626908555
2022-07-14,-0.008804767871558873
2022-07-15,-0.013526522570494021
2022-07-18,-0.01691334850000694
2022-07-19,0.01764072724438303
2022-07-20,0.013905444606618397
2022-07-21,0.005041897075326298
2022-07-22,-0.011116763837599181
2022-07-25,-0.006571777608340066
2022-07-26,-0.02007617570948035
2022-07-27,0.0357917054943968
2022-07-28,0.010668673147267684
2022-07-29,-0.015350608387482301
2022-08-01,0.00542372966154385
2022-08-02,-0.0004107740659846595
2022-08-03,0.009171663384831755
2022-08-04,0.040046031554569844
2022-08-05,-0.0018443470286925731
2022-08-08,0.01061570732099408
2022-08-09,-0.01828634769229685
2022-08-10,0.028113771152464082
2022-08-11,-0.015207091636915835
2022-08-12,0.025558939903520816
2022-08-15,0.023823644483786825
2022-08-16,-0.0004166286026476663
2022-08-17,-0.01075195436854814
2022-08-18,-0.00852445916880205
2022-08-19,-0.011120352336637275
2022-08-22,0.010520581914384571
2022-08-23,0.02911367965452387
2022-08-24,0.0056013426064732
2022-08-25,0.006526199758986772
2022-08-26,-0.017626093613744103
2022-08-29,-0.0023406602233687324
2022-08-30,-0.01719780836550646
2022-08-31,-0.013207291117707411
2022-09-01,-0.0027211143693426803
2022-09-02,0.009169720442611148
2022-09-05,0.0031047852674322535
2022-09-06,-0.029805975599250006
2022-09-08,0.0006521006793741128
2022-09-09,0.028233761008000267
2022-09-12,0.015774102121396964
2022-09-13,-0.025172779168012138
2022-09-14,-0.008147782023767149
2022-09-15,-0.010400422914904612
2022-09-16,0.0013304881187794545
2022-09-19,0.017714444302503716
2022-09-20,0.0037070655904726177
2022-09-21,0.001543281373655576
2022-09-22,0.01912518109406899
2022-09-23,-0.011433137228147903
2022-09-26,-0.015687557509670578
2022-09-27,-0.012454841267606612
2022-09-28,0.0020812628091712573
2022-09-29,-0.019910925978805068
2022-09-30,0.02240128429430079
2022-10-03,0.055225436194824236
2022-10-04,-0.000596682708674678
2022-10-05,0.00043362915409944554
2022-10-06,0.014664607349213814
2022-10-07,-0.011921833651604345
2022-10-10,0.0038160207808146593
2022-10-11,-0.004608422009840816
2022-10-13,0.0016796386062936644
2022-10-14,-0.028162653438936654
2022-10-17,0.011825455866431139
2022-10-18,0.013178113704961745
2022-10-19,-0.013986670153284284
2022-10-20,-0.013447475412016846
2022-10-21,0.008920119992593609
2022-10-24,-0.004749730769690117
2022-10-25,-0.015767628408512258
2022-10-26,-0.02414938025275698
2022-10-27,0.024938978504290613
2022-10-28,0.013141081763368187
2022-10-31,0.01305579762682905
2022-11-01,0.022087425146358128
2022-11-03,0.011178266607588156
2022-11-04,0.01782973650048582
2022-11-07,-0.03651279703617406
2022-11-08,0.01768269404623159
2022-11-09,-0.035885244864703354
2022-11-10,-0.045484136859459255
2022-11-11,0.018534212500005535
2022-11-14,-0.0020098276702217874
2022-11-16,-0.04508839771000562
2022-11-17,-0.029308127444431016
2022-11-18,-0.0015148306502829744
2022-11-21,0.01801667847171501
2022-11-22,-0.015233646133337709
2022-11-23,-0.0187051752558092
2022-11-24,0.03732222717051334
2022-11-25,-0.027679687791927428
2022-11-28,-0.014676640543495682
2022-11-29,0.027536623680076533
2022-11-30,0.0024341782309469056
2022-12-01,-0.024236525105914373
2022-12-02,0.018865970034817027
2022-12-05,-0.03294945401508233
2022-12-06,0.015042317572359378
2022-12-07,-0.00702313040947878
2022-12-08,-0.02964007792244496
2022-12-09,-0.0014178222731245369
2022-12-12,-0.007186196753836602
2022-12-13,-0.022336842351629246
2022-12-14,0.0074635811281311
2022-12-15,-0.007819231077076674
2022-12-16,-0.020481785592904422
2022-12-19,0.03880491670889962
2022-12-20,0.017509112020157484
2022-12-21,-0.002167370823479836
2022-12-22,-0.00010190382801808284
2022-12-23,0.019809158630648784
2022-12-26,-0.012553756793711792
2022-12-27,-0.006678897777477872
2022-12-28,0.03158484568760521
2022-12-29,-0.006786625365988084
2023-01-02,-0.034472964997441645
2023-01-03,-0.013872109014537018
2023-01-04,0.01608049489324827
2023-01-05,0.024250244738085142
2023-01-06,0.028247207708129475
2023-01-09,0.01679736906411604
2023-01-10,0.022812631360529325
2023-01-11,0.013997341583271167
2023-01-12,-0.08971074830740104
2023-01-13,0.009679925982534376
2023-01-16,-0.05536214504601685
2023-01-17,0.003876581315821488
2023-01-18,-0.005637724693380945
2023-01-19,-0.04579795841350009
2023-01-20,-0.04082437961820344
2023-01-23,0.011474958604983123
2023-01-24,0.010846514085627156
2023-01-25,0.023034582927644678
2023-01-26,0.0185770602100081
2023-01-27,0.008916241004506428
2023-01-30,0.02206074026294097
2023-01-31,0.032396975135541885
2023-02-01,0.017738121150595233
2023-02-02,-0.04177758430110589
2023-02-03,-0.018666403994354888
2023-02-06,-0.002948065669369702
2023-02-07,-0.02049654326882705
2023-02-08,-0.014074937949769347
2023-02-09,-0.0306236528080179
2023-02-10,0.014446976975443867
2023-02-13,0.0039865656254138284
2023-02-14,-0.018156153868945788
2023-02-15,0.017719073809885025
2023-02-16,0.007363908455794345
2023-02-17,-0.009849038507159983
2023-02-22,-0.029234272556420495
2023-02-23,-0.0014246034170912571
2023-02-24,-0.016457594246232037
2023-02-27,0.0004495203980725366
2023-02-28,-0.005997942345879391
2023-03-01,-0.008615925794688908
2023-03-02,0.00494658326401369
2023-03-03,0.002146137205754288
2023-03-06,0.005718880843523349
2023-03-07,0.009866675530255139
2023-03-08,0.03180230747664169
2023-03-09,-0.00869181885564846
2023-03-10,-0.015107530022878995
2023-03-13,-0.009630086628917851
2023-03-14,-0.00632154239520088
2023-03-15,-0.010750299533158618
2023-03-16,0.007442678241243085
2023-03-17,-0.013458508717129855
2023-03-20,-0.022945888857104784
2023-03-21,0.0033160504115013222
2023-03-22,0.0008438904005481385
2023-03-23,-0.02602752526410276
2023-03-24,0.022758413594136766
2023-03-27,-0.00012108668255980448
2023-03-28,0.01498072482830609
2023-03-29,-0.007077978468315687
2023-03-30,0.016538220244389733
2023-03-31,-0.024557139379681448
2023-04-03,-0.005991978197253951
2023-04-04,0.004606750307167635
2023-04-05,-0.011738863810050374
2023-04-06,0.007875145803834334
2023-04-10,0.005045250278667774
2023-04-11,0.04093183101381122
2023-04-12,0.02295013606576164
2023-04-13,-0.00789778713248159
2023-04-14,-0.0042078753283530035
2023-04-17,0.004331896551894025
2023-04-18,-0.009271620949481005
2023-04-19,-0.02461531072144687
2023-04-20,0.007219382497285467
2023-04-24,-0.007126869343617387
2023-04-25,-0.018158533594841906
2023-04-26,-0.00986061045357137
2023-04-27,0.016632816943294836
2023-04-28,0.025101736397776665
2023-05-02,-0.025189749736150038
2023-05-03,0.01236504222268071
2023-05-04,0.003956310067387891
2023-05-05,0.03189577021039517
2023-05-08,0.010817430808270707
2023-05-09,0.011365364077873788
2023-05-10,0.016310277234130605
2023-05-11,0.0033118139184266393
2023-05-12,0.001167330349152265
2023-05-15,0.01469445325452579
2023-05-16,-0.027500039986978385
2023-05-17,0.0178150722957151
2023-05-18,0.025949383159078555
2023-05-19,0.011599416568598708
2023-05-22,0.006186309104481287
2023-05-23,-0.005142130830603067
2023-05-24,-0.01815133176039888
2023-05-25,0.008600601975629315
2023-05-26,0.010401749927108732
2023-05-29,-0.007392774143984964
2023-05-30,-0.007324702322463511
2023-05-31,0.0017809719646077339
2023-06-01,0.022247512416161918
2023-06-02,0.018399030494644832
2023-06-05,0.0007181650522712226
2023-06-06,0.0207472351656954
2023-06-07,-0.0022465428073991044
2023-06-09,0.009399367302752672
2023-06-12,0.01514055704970034
2023-06-13,-0.009392489108576752
2023-06-14,0.014717496407143241
2023-06-15,0.001137679350197971
2023-06-16,-0.007512461053542883
2023-06-19,0.013422541898240565
2023-06-20,0.00896184526182102
2023-06-21,0.0020439886494867444
2023-06-22,-0.021172805931992774
2023-06-23,0.0061757248048515175
2023-06-26,0.00039561669985630773
2023-06-27,-0.025648624066888413
2023-06-28,-0.006356682148658965
2023-06-29,0.019627103716254465
2023-06-30,0.011962036081780843
2023-07-03,0.013116795658922596
2023-07-04,-0.008123959630322279
2023-07-05,0.014628757648968519
2023-07-06,-0.01689576485279452
2023-07-07,0.02325121397584053
2023-07-10,-0.009475934319007909
2023-07-11,-0.006018726721670878
2023-07-12,-0.0014783057825127784
2023-07-13,0.013399028580932268
2023-07-14,-0.015659551922821025
2023-07-17,0.00620525466205444
2023-07-18,-0.0014330148755595125
2023-07-19,-0.008763185057384883
2023-07-20,0.0004472302687328768
2023-07-21,0.010035730973557038
2023-07-24,0.006058931338117097
2023-07-25,0.013566638978162428
2023-07-26,0.003154432403490947
2023-07-27,-0.011139032902634067
2023-07-28,0.003626932402922623
2023-07-31,0.012230549812683658
2023-08-01,0.0035887638912815057
2023-08-02,-0.0011365218333558805
2023-08-03,0.011564681776304497
2023-08-04,0.0058752319218736745
2023-08-07,-0.00034657223708866615
2023-08-08,-0.007417451070661812
2023-08-09,-0.006519275148146203
2023-08-10,-8.228266505338501e-05
2023-08-11,-0.001124898835264165
2023-08-14,-0.00967870605980526
2023-08-15,-0.011232370615065898
2023-08-16,-0.007709897083580085
2023-08-17,-0.006579699935546161
2023-08-18,0.003631952431035947
2023-08-21,-0.016650365770836076
2023-08-22,0.02880342905856949
2023-08-23,0.0013296599769351321
2023-08-24,-0.0110567367840279
2023-08-25,-0.016699614518317963
2023-08-28,0.0029473138247257755
2023-08-29,-0.009879255043644983
2023-08-30,-0.006724180250505567
2023-08-31,-0.031101099541189812
2023-09-01,0.026503135676042535
2023-09-04,-0.0006776389454006094
2023-09-05,-0.007550180535592243
2023-09-06,-0.015547050392844377
2023-09-08,-0.009155472385106434
2023-09-11,0.012155188130276056
2023-09-12,0.018071582052139944
2023-09-13,0.003818600881960269
2023-09-14,-0.0032905267898877336
2023-09-15,-0.014512084153748576
2023-09-18,-0.0066025012700488194
2023-09-19,-0.0023907340546970002
2023-09-20,0.012291604337936787
2023-09-21,-0.02614234022835157
2023-09-22,-0.014798507929816032
2023-09-25,-0.000463015194524686
2023-09-26,-0.02065649979398018
2023-09-27,-0.009280108219651634
2023-09-28,0.023690718984328563
2023-09-29,0.02874634897291636
2023-10-02,-0.035130558193118985
2023-10-03,-0.02219352884488486
2023-10-04,0.00296260956747562
2023-10-05,-0.00928593175593196
2023-10-06,-0.0094316467490626
2023-10-09,0.010441747130739882
2023-10-10,0.02004141809426747
2023-10-11,0.003630344750348938
2023-10-13,-0.024423527686910924
2023-10-16,-0.0007194140626225546
2023-10-17,-0.010791888004151276
2023-10-18,-0.02233490223840967
2023-10-19,0.002179617677421838
2023-10-20,0.0022266471319270995
2023-10-23,0.015428069936950159
2023-10-24,0.003701922437969178
2023-10-25,-0.01772957920812233
2023-10-26,0.016427859931486932
2023-10-27,-0.013834881524604395
2023-10-30,-0.008788278764829122
2023-10-31,0.0007580549365572094
2023-11-01,0.004013150879307689
2023-11-03,0.04017015909589022
2023-11-06,-0.0078052667886349325
2023-11-07,0.020371869023936524
2023-11-08,0.006807100322712508
2023-11-09,-0.025377837619699972
2023-11-10,0.015407360098577589
2023-11-13,-0.003380469050340686
2023-11-14,0.02426227024862676
2023-11-16,0.019449767435417764
2023-11-17,0.006790219776953246
2023-11-20,0.0030461997750853
2023-11-21,0.0009828915143628705
2023-11-22,-0.005572383171576102
2023-11-23,0.0039931268803498855
2023-11-24,-0.014831718486858585
2023-11-27,-0.0005320145770181074
2023-11-28,-0.0013725807599659304
2023-11-29,-0.006168734713484973
2023-11-30,-0.0015768521193996136
2023-12-01,0.006188176178435853
2023-12-04,-0.0034880975084890155
2023-12-05,0.013513733177657675
2023-12-06,-0.021608491651946653
2023-12-07,0.010931919488038786
2023-12-08,0.005418769329904599
2023-12-11,-0.004875448982602647
2023-12-12,0.006243208479254037
2023-12-13,0.016973894082538212
2023-12-14,0.014560923688448097
2023-12-15,-0.014655105937665152
2023-12-18,0.006444091348270724
2023-12-19,-0.002282666694909009
2023-12-20,-0.005552437298500074
2023-12-21,0.007177269680505217
2023-12-22,0.008948685737021744
2023-12-26,0.005489854903633979
2023-12-27,0.006825146414912638
2023-12-28,-0.0022984606056369447
2024-01-02,-0.027009248709212282
2024-01-03,0.0018949789636833584
2024-01-04,-0.022321322700772108
2024-01-05,0.009132687944393227
2024-01-08,0.011538401938422586
2024-01-09,-0.009259855616547427
2024-01-10,-0.009672865949925787
2024-01-11,-0.013744315960467973
2024-01-12,0.013408750544067063
2024-01-15,0.0042883587302678
2024-01-16,-0.027885628430365714
2024-01-17,-0.01633328098951404
2024-01-18,-0.01634709393187948
2024-01-19,0.004517416557662251
2024-01-22,-0.01194920005271503
2024-01-23,0.01761296487359668
2024-01-24,-0.007570935064432609
2024-01-25,0.0023382069926936953
2024-01-26,0.0009278654558556764
2024-01-29,-0.016893797647163214
2024-01-30,-0.019925822399771902
2024-01-31,0.003776310279456937
2024-02-01,0.001490538052399224
2024-02-02,-0.01184431583808287
2024-02-05,-0.01767428626696079
2024-02-06,0.021656764055410633
2024-02-07,0.0021864897972784167
2024-02-08,-0.017769137276387844
2024-02-09,-0.013240093768612023
2024-02-14,-0.02410002983446621
2024-02-15,0.005507783096644772
2024-02-16,0.020967504703245654
2024-02-19,0.0013917146826658495
2024-02-20,0.010312345302532621
2024-02-21,-0.012893252478879373
2024-02-22,0.014874217531991392
2024-02-23,-0.02286703076934927
2024-02-26,-0.0005248333157350462
2024-02-27,0.02537298773876534
2024-02-28,-0.007735925526829157
2024-02-29,-0.008981905085557278
2024-03-01,0.015268934934517473
2024-03-04,-0.007871786206874067
2024-03-05,-0.003285646745588012
2024-03-06,-0.004861322413300402
2024-03-07,-0.011998094465611788
2024-03-08,0.0021511154621160727
2024-03-11,0.0028290830850455973
2024-03-12,0.00871065125748842
2024-03-13,0.00735065362439526
2024-03-14,-0.0016502398083635724
2024-03-15,-0.005240381628445048
2024-03-18,0.0015531644728313738
2024-03-19,0.00987765244213552
2024-03-20,0.028752396521423553
2024-03-21,-0.005884463422225762
2024-03-22,-0.03092604356203613
2024-03-25,-0.0024708571045311675
2024-03-26,-0.012005682425911992
2024-03-27,0.011022899263908406
2024-03-28,0.01921834797047537
2024-04-01,-0.018516662760971213
2024-04-02,-0.010348383775164494
2024-04-03,-0.017527204339927292
2024-04-04,-0.002129089769682396
2024-04-05,-0.014055333235111095
2024-04-08,0.019438451468950037
2024-04-09,0.00981746735898346
2024-04-10,-0.02486096767017384
2024-04-11,-0.002601031196924953
2024-04-12,-0.0279036079274589
2024-04-15,-0.0302421397320521
2024-04-16,-0.001045710427483416
2024-04-17,-0.0018408326653572785
2024-04-18,-0.004191986333952478
2024-04-19,0.01651312562086105
2024-04-22,0.012537198833811885
2024-04-23,-0.006326549932145118
2024-04-24,-0.00811558337112948
2024-04-25,-0.00106698792138843
2024-04-26,0.025543123088688537
2024-04-29,-0.0013052199912139816
2024-04-30,-0.012610348815087474
2024-05-02,0.005888526263574716
2024-05-03,0.023876697993076092
2024-05-06,-0.00952833437718826
2024-05-07,0.005618488477683875
2024-05-08,0.0013129496129375654
2024-05-09,-0.007705508337690639
2024-05-10,-0.00421421920149473
2024-05-13,0.002414944250434764
2024-05-14,-0.00021074821520014386
2024-05-15,0.0064943308001936375
2024-05-16,0.013161332239709974
2024-05-17,-0.005665419141945301
2024-05-20,0.008244305219479935
2024-05-21,0.0008502324662451529
2024-05-22,-0.03311677962791196
2024-05-23,-0.007708503080142193
2024-05-24,0.014723130819911839
2024-05-27,0.0006746103648063832
2024-05-28,-0.012406740058933554
2024-05-29,-0.004688344779125739
2024-05-31,-0.023200047132394475
2024-06-03,-0.0012187556221522663
2024-06-04,-0.01998064858145515
2024-06-05,-0.012520175301714436
2024-06-06,0.01899150500026131
2024-06-07,-0.022568618894632374
2024-06-10,-0.00537298156351796
2024-06-11,0.0216416139266859
2024-06-12,-0.01344108038190477
2024-06-13,0.010422218574776461
2024-06-14,0.0079817294600501
2024-06-17,-0.01154424421340743
2024-06-18,-0.00945756626173758
2024-06-19,0.006894631451862081
2024-06-20,0.00025113209943994884
2024-06-21,-0.0006817013457796255
2024-06-24,0.018053839109334932
2024-06-25,-0.0019432757744209147
2024-06-26,-0.007442733733080953
2024-06-27,0.018851556483494906
2024-06-28,-0.008727363621491742
2024-07-01,0.009052580126897228
2024-07-02,-0.002295514381660443
2024-07-03,0.016527194845965498
2024-07-04,0.030323491267334732
2024-07-05,0.015107432834209164
2024-07-08,0.00904322499208852
2024-07-09,0.04502402978701569
2024-07-10,0.012540632101089187
2024-07-11,0.01204631474091203
2024-07-12,-0.014865406701797413
2024-07-15,-0.0014534550483624802
2024-07-16,0.01123253579145978
2024-07-17,0.012554283606001297
2024-07-18,-0.02635432363861426
2024-07-19,-0.00788598835457104
2024-07-22,0.026155366411734875
2024-07-23,-0.0237597685631572
2024-07-24,-0.015003219064825128
2024-07-25,-0.007333717747942159
2024-07-26,-0.002318895853538302
2024-07-29,-0.018636139725445824
2024-07-30,-0.003378537514278962
2024-07-31,-0.012507260018973591
2024-08-01,0.012010278729792859
2024-08-02,0.004791813723771915
2024-08-05,-0.020518609567517356
2024-08-06,0.00019756838888691544
2024-08-07,0.017821915500295233
2024-08-08,0.012000125511403397
2024-08-09,0.009026832959744163
2024-08-12,-0.019093871001723127
2024-08-13,-0.01149856424942716
2024-08-14,-0.022638125512851267
2024-08-15,-0.05836419745649883
2024-08-16,-0.007929548471506566
2024-08-19,0.0016124474712262962
2024-08-20,-0.002336642861271857
2024-08-21,-0.006753745858713277
2024-08-22,-0.03129172956356721
2024-08-23,0.01267944589860889
2024-08-26,-0.01887090130796547
2024-08-27,0.046206699801491884
2024-08-28,-0.005362453986085451
2024-08-29,-0.03638074763274503
2024-08-30,0.008035783396610157
2024-09-02,0.009856305975966779
2024-09-03,-0.009758216294752715
2024-09-04,0.016882886834288444
2024-09-05,-0.0027271242461370505
2024-09-06,-0.01725123855962207
2024-09-09,-0.0019288258409449362
2024-09-10,-0.003376429947735479
2024-09-11,0.005404920605831117
2024-09-12,-0.0030227892343400306
2024-09-13,0.012017124852209323
2024-09-16,0.004629669510751332
2024-09-17,0.0014515713643090853
2024-09-18,-0.011972509020315505
2024-09-19,-0.01694155223877696
2024-09-20,-0.03691169951981545
2024-09-23,-0.02130895441761525
2024-09-24,0.02438177594685635
2024-09-25,-0.01672679152664044
2024-09-26,0.013023125875569991
2024-09-27,0.0178411973272265
2024-09-30,-0.02060007431395158
2024-10-01,0.0019157690453032472
2024-10-02,0.026228650531642417
2024-10-03,-0.03556116312184406
2024-10-04,0.0034766392661618483
2024-10-07,-0.008254338658200746
2024-10-08,-0.002075471769370193
2024-10-09,-0.02178674391634713
2024-10-10,0.0029162206374472367
2024-10-11,-0.001123107873392581
2024-10-14,0.0017362723659360292
2024-10-15,-0.0015403801848194094
2024-10-16,-0.006240098979972829
2024-10-17,-0.0030452067653403267
2024-10-18,-0.004072777764387607
2024-10-21,0.006001757687331212
2024-10-22,-0.014637037038818364
2024-10-23,-0.000725115007699877
2024-10-24,0.0028566327111134524
2024-10-25,0.0009059907456863807
2024-10-28,0.015348769259454218
2024-10-29,-0.008278146499976966
2024-10-30,0.02277602676735042
2024-10-31,-0.01267851279620736
2024-11-01,-0.009622744152081687
2024-11-04,0.04494557499759776
2024-11-05,-0.006330669801206206
2024-11-06,0.00568657529441619
2024-11-07,-0.03283560426589684
2024-11-08,-0.018451366677718316
2024-11-11,0.011710406338502465
2024-11-12,-0.012300112172480253
2024-11-13,0.008615446154049848
2024-11-14,0.19851010896916335
2024-11-18,0.0019118297991640371
2024-11-19,0.0022052045166258993
2024-11-21,-0.037459912903655856
2024-11-22,0.038930576447344774
2024-11-25,0.013399401146916715
2024-11-26,0.004149304066067979
2024-11-27,-0.0200929601768836
2024-11-28,-0.047542397135134556
2024-11-29,0.02004792988192745
2024-12-02,0.0053736695680275445
2024-12-03,-0.0018656535531892588
2024-12-04,-0.0002999781852407157
2024-12-05,0.005542755421984956
2024-12-06,-0.017609296748781318
2024-12-09,0.00022198152079206982
2024-12-10,0.04030191622180063
2024-12-11,0.0018210276494503256
2024-12-12,-0.04761927629177951
2024-12-13,-0.016193290647657652
2024-12-16,0.0023163295037201756
2024-12-17,-0.024246156349994677
2024-12-18,-0.05714605769297249
2024-12-19,0.02790954691379692
2024-12-20,0.006359909995161147
2024-12-23,-0.032892910062296644
2024-12-26,-0.02300185241591057
2024-12-27,-0.01475623389996669
2024-12-30,0.016489131411347155
